method,best_theta,best_theta_over_pi,theta_abs_error,minimum_objective_error,best_score,effective_n
SI-DL,0.8508480103472356,0.2708333333333333,0.020833333333333315,0.4761841395628541,0.5238158604371459,150.0
Robust SI-DL,0.7853981633974483,0.25,0.0,0.019310343899150983,0.980689656100849,135.82710973518948
Robust impact,,-0.020833333333333315,-0.020833333333333315,-0.4568737956637031,0.4568737956637031,-14.172890264810519
