method,gpr_mse_raw,gpr_mse_normalized
MI-DL,2244387.6470422354,0.06427147481498324
SI-DL,771169.1324601787,0.022083608212834786
